DELETE FROM F_18_13_LOCATION;

INSERT INTO F_18_13_LOCATION (LO_ID, L_CITY, L_STATE) VALUES (1, 'New York City', 'New York');
INSERT INTO F_18_13_LOCATION (LO_ID, L_CITY, L_STATE) VALUES (2, 'Los Angeles', 'California');
INSERT INTO F_18_13_LOCATION (LO_ID, L_CITY, L_STATE) VALUES (3, 'Dallas', 'Texas');
INSERT INTO F_18_13_LOCATION (LO_ID, L_CITY, L_STATE) VALUES (4, 'Houston', 'Texas');
INSERT INTO F_18_13_LOCATION (LO_ID, L_CITY, L_STATE) VALUES (5, 'Austin', 'Texas');
INSERT INTO F_18_13_LOCATION (LO_ID, L_CITY, L_STATE) VALUES (6, 'Las Vegas', 'Nevada');
INSERT INTO F_18_13_LOCATION (LO_ID, L_CITY, L_STATE) VALUES (7, 'San Francisco','California');
INSERT INTO F_18_13_LOCATION (LO_ID, L_CITY, L_STATE) VALUES (8,'San Jose','California');
INSERT INTO F_18_13_LOCATION (LO_ID, L_CITY, L_STATE) VALUES (9,'Santa Barbara','California');
INSERT INTO F_18_13_LOCATION (LO_ID, L_CITY, L_STATE) VALUES (10,'Santa cruz','California');
INSERT INTO F_18_13_LOCATION (LO_ID, L_CITY, L_STATE) VALUES (11,'Canon city','Colorado');
INSERT INTO F_18_13_LOCATION (LO_ID, L_CITY, L_STATE) VALUES (12,'Miami','Florida');
INSERT INTO F_18_13_LOCATION (LO_ID, L_CITY, L_STATE) VALUES (13,'Orlando','Florida');
INSERT INTO F_18_13_LOCATION (LO_ID, L_CITY, L_STATE) VALUES (14,'Atlanta','Georgia');
INSERT INTO F_18_13_LOCATION (LO_ID, L_CITY, L_STATE) VALUES (15,'Chicago','Illinois');
INSERT INTO F_18_13_LOCATION (LO_ID, L_CITY, L_STATE) VALUES (16,'Baltimore','Maryland');
INSERT INTO F_18_13_LOCATION (LO_ID, L_CITY, L_STATE) VALUES (17,'Tampa','Florida');
INSERT INTO F_18_13_LOCATION (LO_ID, L_CITY, L_STATE) VALUES (18,'Buffalo','New York');
INSERT INTO F_18_13_LOCATION (LO_ID, L_CITY, L_STATE) VALUES (19,'Boston','Massachusetts');
INSERT INTO F_18_13_LOCATION (LO_ID, L_CITY, L_STATE) VALUES (20,'Detroit','Michigan');

DELETE FROM F_18_13_ADVERTISEMENT;

INSERT INTO F_18_13_ADVERTISEMENT (AD_ID, ADVERTISER_NAME, TYPE, ADNAME, RATE_WATCH) VALUES (1,'T-Mobile','link','Mobile plans',0.02);
INSERT INTO F_18_13_ADVERTISEMENT (AD_ID, ADVERTISER_NAME, TYPE, ADNAME, RATE_WATCH) VALUES (2,'Nike inc.','audio','Running shoes',0.04);
INSERT INTO F_18_13_ADVERTISEMENT (AD_ID, ADVERTISER_NAME, TYPE, ADNAME, RATE_WATCH) VALUES (3,'Bank of America','link','New bonus',0.03);
INSERT INTO F_18_13_ADVERTISEMENT (AD_ID, ADVERTISER_NAME, TYPE, ADNAME, RATE_WATCH) VALUES (4,'Amazon','audio','New offers',0.04);
INSERT INTO F_18_13_ADVERTISEMENT (AD_ID, ADVERTISER_NAME, TYPE, ADNAME, RATE_WATCH) VALUES (5,'McDonalds','link','Burgers',0.05);
INSERT INTO F_18_13_ADVERTISEMENT (AD_ID, ADVERTISER_NAME, TYPE, ADNAME, RATE_WATCH) VALUES (6,'Samsung','audio','S9',0.02);
INSERT INTO F_18_13_ADVERTISEMENT (AD_ID, ADVERTISER_NAME, TYPE, ADNAME, RATE_WATCH) VALUES (7,'Home Depot','link','Furniture',0.01);
INSERT INTO F_18_13_ADVERTISEMENT (AD_ID, ADVERTISER_NAME, TYPE, ADNAME, RATE_WATCH) VALUES (8,'Pepsico','audio','Pepsi',0.06);
INSERT INTO F_18_13_ADVERTISEMENT (AD_ID, ADVERTISER_NAME, TYPE, ADNAME, RATE_WATCH) VALUES (9,'Starbucks','link','Starbucks Coffee',0.03);
INSERT INTO F_18_13_ADVERTISEMENT (AD_ID, ADVERTISER_NAME, TYPE, ADNAME, RATE_WATCH) VALUES (10,'Ford','audio','Ford Fiesta',0.08);

DELETE FROM F_18_13_RECORDING_LABELS;

INSERT INTO F_18_13_RECORDING_LABELS (RNAME) VALUES ('Sony BMG');
INSERT INTO F_18_13_RECORDING_LABELS (RNAME) VALUES ('Warner music group');
INSERT INTO F_18_13_RECORDING_LABELS (RNAME) VALUES ('Universal music group');
INSERT INTO F_18_13_RECORDING_LABELS (RNAME) VALUES ('PolyGram');
INSERT INTO F_18_13_RECORDING_LABELS (RNAME) VALUES ('EMI');

DELETE FROM F_18_13_ARTIST;

INSERT INTO F_18_13_ARTIST (AR_ID, AR_FNAME, AR_LNAME) VALUES (1,'Drake',NULL);
INSERT INTO F_18_13_ARTIST (AR_ID, AR_FNAME, AR_LNAME) VALUES (2,'Kendrik','Lamar' );
INSERT INTO F_18_13_ARTIST (AR_ID, AR_FNAME, AR_LNAME) VALUES (3,'Nas',NULL);
INSERT INTO F_18_13_ARTIST (AR_ID, AR_FNAME, AR_LNAME) VALUES (4,'Dr','Dre');
INSERT INTO F_18_13_ARTIST (AR_ID, AR_FNAME, AR_LNAME) VALUES (5,'Jay-Z',NULL);
INSERT INTO F_18_13_ARTIST (AR_ID, AR_FNAME, AR_LNAME) VALUES (6,'Keith','Urban');
INSERT INTO F_18_13_ARTIST (AR_ID, AR_FNAME, AR_LNAME) VALUES (7,'Shania','Twain');
INSERT INTO F_18_13_ARTIST (AR_ID, AR_FNAME, AR_LNAME) VALUES (8,'Kancey','Musgraves');
INSERT INTO F_18_13_ARTIST (AR_ID, AR_FNAME, AR_LNAME) VALUES (9,'Miranda','Lambert');
INSERT INTO F_18_13_ARTIST (AR_ID, AR_FNAME, AR_LNAME) VALUES (10,'Chris','Stapleton');
INSERT INTO F_18_13_ARTIST (AR_ID, AR_FNAME, AR_LNAME) VALUES (11,'Taylor','Swift');
INSERT INTO F_18_13_ARTIST (AR_ID, AR_FNAME, AR_LNAME) VALUES (12,'Sylvia','Moy');
INSERT INTO F_18_13_ARTIST (AR_ID, AR_FNAME, AR_LNAME) VALUES (13,'Michael','Jackson');
INSERT INTO F_18_13_ARTIST (AR_ID, AR_FNAME, AR_LNAME) VALUES (14,'Lorde',NULL);
INSERT INTO F_18_13_ARTIST (AR_ID, AR_FNAME, AR_LNAME) VALUES (15,'Adam','Lewis');
INSERT INTO F_18_13_ARTIST (AR_ID, AR_FNAME, AR_LNAME) VALUES (16,'Ariana','Grande');
INSERT INTO F_18_13_ARTIST (AR_ID, AR_FNAME, AR_LNAME) VALUES (17,'Fleetwood','Mac');
INSERT INTO F_18_13_ARTIST (AR_ID, AR_FNAME, AR_LNAME) VALUES (18,'Miles','Davis');
INSERT INTO F_18_13_ARTIST (AR_ID, AR_FNAME, AR_LNAME) VALUES (19,'Jon','Coltrane');
INSERT INTO F_18_13_ARTIST (AR_ID, AR_FNAME, AR_LNAME) VALUES (20,'Kamasi','Washington');
INSERT INTO F_18_13_ARTIST (AR_ID, AR_FNAME, AR_LNAME) VALUES (21,'Paul','McCartney');
INSERT INTO F_18_13_ARTIST (AR_ID, AR_FNAME, AR_LNAME) VALUES (22,'Jack','Johnson');
INSERT INTO F_18_13_ARTIST (AR_ID, AR_FNAME, AR_LNAME) VALUES (23,'Andrew','Byrne');
INSERT INTO F_18_13_ARTIST (AR_ID, AR_FNAME, AR_LNAME) VALUES (24,'Joy','Williams');
INSERT INTO F_18_13_ARTIST (AR_ID, AR_FNAME, AR_LNAME) VALUES (25,'Markus','Dravs');

DELETE FROM F_18_13_ALBUM;

INSERT INTO F_18_13_ALBUM (A_ID, ANAME, GENRE, RNAME, RATE_STREAM, S_MONTH, S_YEAR) VALUES (1,'Scorpion','hippop','Sony BMG', 0.02,8,2018);
INSERT INTO F_18_13_ALBUM (A_ID, ANAME, GENRE, RNAME, RATE_STREAM, S_MONTH, S_YEAR) VALUES (2,'Damn','hippop','Sony BMG',0.03,2,2017);
INSERT INTO F_18_13_ALBUM (A_ID, ANAME, GENRE, RNAME, RATE_STREAM, S_MONTH, S_YEAR) VALUES (3,'Illmatic','hippop','Warner music group',0.02,3,2016);
INSERT INTO F_18_13_ALBUM (A_ID, ANAME, GENRE, RNAME, RATE_STREAM, S_MONTH, S_YEAR) VALUES (4,'The Chronic','hippop','Warner music group',0.04,2,2014);
INSERT INTO F_18_13_ALBUM (A_ID, ANAME, GENRE, RNAME, RATE_STREAM, S_MONTH, S_YEAR) VALUES (5,'The Blueprint','hippop','Universal music group',0.02,1,2018);
INSERT INTO F_18_13_ALBUM (A_ID, ANAME, GENRE, RNAME, RATE_STREAM, S_MONTH, S_YEAR) VALUES (6,'Ripcord','country','Universal music group',0.01,6,1993);
INSERT INTO F_18_13_ALBUM (A_ID, ANAME, GENRE, RNAME, RATE_STREAM, S_MONTH, S_YEAR) VALUES (7,'Come on over','country','PolyGram',0.07,2,1995);
INSERT INTO F_18_13_ALBUM (A_ID, ANAME, GENRE, RNAME, RATE_STREAM, S_MONTH, S_YEAR) VALUES (8,'Golden hour','country','PolyGram',0.02,4,1998);
INSERT INTO F_18_13_ALBUM (A_ID, ANAME, GENRE, RNAME, RATE_STREAM, S_MONTH, S_YEAR) VALUES (9,'The weight of these wings','country','EMI',0.03,5,2000);
INSERT INTO F_18_13_ALBUM (A_ID, ANAME, GENRE, RNAME, RATE_STREAM, S_MONTH, S_YEAR) VALUES (10,'Traveller','country','EMI',0.09,7,2002);
INSERT INTO F_18_13_ALBUM (A_ID, ANAME, GENRE, RNAME, RATE_STREAM, S_MONTH, S_YEAR) VALUES (11,'Reputation','pop','Sony BMG',0.03,5,2018);
INSERT INTO F_18_13_ALBUM (A_ID, ANAME, GENRE, RNAME, RATE_STREAM, S_MONTH, S_YEAR) VALUES (12,'Stevie Wonder','pop','Sony BMG',0.04,3,2016);
INSERT INTO F_18_13_ALBUM (A_ID, ANAME, GENRE, RNAME, RATE_STREAM, S_MONTH, S_YEAR) VALUES (13,'Thriller','pop','Sony BMG',0.02, 6,1999);
INSERT INTO F_18_13_ALBUM (A_ID, ANAME, GENRE, RNAME, RATE_STREAM, S_MONTH, S_YEAR) VALUES (14,'Melodrama','pop','Warner music group',0.03,4,2011);
INSERT INTO F_18_13_ALBUM (A_ID, ANAME, GENRE, RNAME, RATE_STREAM, S_MONTH, S_YEAR) VALUES (15,'1989','pop','Warner music group',0.06,3,2012);
INSERT INTO F_18_13_ALBUM (A_ID, ANAME, GENRE, RNAME, RATE_STREAM, S_MONTH, S_YEAR) VALUES (16,'Sweetener','pop','Warner music group',0.03,4,2018);
INSERT INTO F_18_13_ALBUM (A_ID, ANAME, GENRE, RNAME, RATE_STREAM, S_MONTH, S_YEAR) VALUES (17,'Rumours','pop','Universal music group',0.02,5,2011);
INSERT INTO F_18_13_ALBUM (A_ID, ANAME, GENRE, RNAME, RATE_STREAM, S_MONTH, S_YEAR) VALUES (18,'Kind of blue','jazz','Universal music group',0.01,3,2011);
INSERT INTO F_18_13_ALBUM (A_ID, ANAME, GENRE, RNAME, RATE_STREAM, S_MONTH, S_YEAR) VALUES (19,'A love supreme','jazz','Universal music group',0.03,4,2000);
INSERT INTO F_18_13_ALBUM (A_ID, ANAME, GENRE, RNAME, RATE_STREAM, S_MONTH, S_YEAR) VALUES (20,'The epic','jazz','PolyGram',0.02,3,2016);
INSERT INTO F_18_13_ALBUM (A_ID, ANAME, GENRE, RNAME, RATE_STREAM, S_MONTH, S_YEAR) VALUES (21,'The beatles','folk','PolyGram',0.03,4,1999);
INSERT INTO F_18_13_ALBUM (A_ID, ANAME, GENRE, RNAME, RATE_STREAM, S_MONTH, S_YEAR) VALUES (22,'In between dreams','folk','PolyGram',0.01,3,1990);
INSERT INTO F_18_13_ALBUM (A_ID, ANAME, GENRE, RNAME, RATE_STREAM, S_MONTH, S_YEAR) VALUES (23,'Hozier','folk','EMI',0.05,1,1992);
INSERT INTO F_18_13_ALBUM (A_ID, ANAME, GENRE, RNAME, RATE_STREAM, S_MONTH, S_YEAR) VALUES (24,'Barton hollow','folk','EMI',0.02,8,2013);
INSERT INTO F_18_13_ALBUM (A_ID, ANAME, GENRE, RNAME, RATE_STREAM, S_MONTH, S_YEAR) VALUES (25,'Babel','folk','EMI',0.062,10,2000);

DELETE FROM F_18_13_LISTENER;

INSERT INTO F_18_13_LISTENER (L_ID, FNAME, LNAME, EMAIL, LO_ID) VALUES (1,'Samarth','Manjunath','samarthmanju@gmail.com',2);
INSERT INTO F_18_13_LISTENER (L_ID, FNAME, LNAME, EMAIL, LO_ID) VALUES (2,'Sagar','Sharma','sagarsharma3122@gmail.com',2);
INSERT INTO F_18_13_LISTENER (L_ID, FNAME, LNAME, EMAIL, LO_ID) VALUES (3,'Dr.Upendranath','Sharmac','upendranath@gmail.com',1);
INSERT INTO F_18_13_LISTENER (L_ID, FNAME, LNAME, EMAIL, LO_ID) VALUES (4,'Kanti','Komar Sannappa','kantikomar@gmail.com',4);
INSERT INTO F_18_13_LISTENER (L_ID, FNAME, LNAME, EMAIL, LO_ID) VALUES (5,'Manu','Gupta','manu@gmail.com',5);
INSERT INTO F_18_13_LISTENER (L_ID, FNAME, LNAME, EMAIL, LO_ID) VALUES (6,'Shekar','Choudary','shekar@gmail.com',6);
INSERT INTO F_18_13_LISTENER (L_ID, FNAME, LNAME, EMAIL, LO_ID) VALUES (7,'Mithil','Patel','mithil@gmail.com',2);
INSERT INTO F_18_13_LISTENER (L_ID, FNAME, LNAME, EMAIL, LO_ID) VALUES (8,'Mayank','Sharma','mayank@gmail.com',7);
INSERT INTO F_18_13_LISTENER (L_ID, FNAME, LNAME, EMAIL, LO_ID) VALUES (9,'Kamal','Mehta','kamal@gmail.com',9);
INSERT INTO F_18_13_LISTENER (L_ID, FNAME, LNAME, EMAIL, LO_ID) VALUES (10,'Raja','Ramesh','raja@gmail.com',10);
INSERT INTO F_18_13_LISTENER (L_ID, FNAME, LNAME, EMAIL, LO_ID) VALUES (11,'Adil','Khan','adil@gmail.com',11);
INSERT INTO F_18_13_LISTENER (L_ID, FNAME, LNAME, EMAIL, LO_ID) VALUES (12,'Vishal','Sharma','vishal@gmail.com',13);
INSERT INTO F_18_13_LISTENER (L_ID, FNAME, LNAME, EMAIL, LO_ID) VALUES (13,'Arpit','Saxena','arpit@gmail.com',11);
INSERT INTO F_18_13_LISTENER (L_ID, FNAME, LNAME, EMAIL, LO_ID) VALUES (14,'Arpit','Christy','arpitchristy@gmail.com',12);
INSERT INTO F_18_13_LISTENER (L_ID, FNAME, LNAME, EMAIL, LO_ID) VALUES (15,'Gahan','Gurumurthy','gahanguru@gmail.com',14);
INSERT INTO F_18_13_LISTENER (L_ID, FNAME, LNAME, EMAIL, LO_ID) VALUES (16,'Sandeep','Sagar','sandeep@gmail.com',17);
INSERT INTO F_18_13_LISTENER (L_ID, FNAME, LNAME, EMAIL, LO_ID) VALUES (17,'Eshan','Nandakishore','eshan@gmail.com',13);
INSERT INTO F_18_13_LISTENER (L_ID, FNAME, LNAME, EMAIL, LO_ID) VALUES (18,'Dheeraj','Ravishankar','dheeraj@gmail.com',16);
INSERT INTO F_18_13_LISTENER (L_ID, FNAME, LNAME, EMAIL, LO_ID) VALUES (19,'Shreyas','Mahantin','shreyas@gmail.com',15);
INSERT INTO F_18_13_LISTENER (L_ID, FNAME, LNAME, EMAIL, LO_ID) VALUES (20,'Sathvik','Sankruth','sathvik@gmail.com',20);

DELETE FROM F_18_13_TRACK;

INSERT INTO F_18_13_TRACK (T_ID, TNAME, TMIN, TSEC, A_ID) VALUES (1,'In my feelings',4,20,1);
INSERT INTO F_18_13_TRACK (T_ID, TNAME, TMIN, TSEC, A_ID) VALUES (2,'DNA',3,15,2);
INSERT INTO F_18_13_TRACK (T_ID, TNAME, TMIN, TSEC, A_ID) VALUES (3,'The genesis',2,17,3);
INSERT INTO F_18_13_TRACK (T_ID, TNAME, TMIN, TSEC, A_ID) VALUES (4,'Let me ride',4,18,4);
INSERT INTO F_18_13_TRACK (T_ID, TNAME, TMIN, TSEC, A_ID) VALUES (5,'Takeover',5,12,5);
INSERT INTO F_18_13_TRACK (T_ID, TNAME, TMIN, TSEC, A_ID) VALUES (6,'Gone Tomorrow',2,17,6);
INSERT INTO F_18_13_TRACK (T_ID, TNAME, TMIN, TSEC, A_ID) VALUES (7,'Just like that',4,17,7);
INSERT INTO F_18_13_TRACK (T_ID, TNAME, TMIN, TSEC, A_ID) VALUES (8,'Slow burn',5,18,8);
INSERT INTO F_18_13_TRACK (T_ID, TNAME, TMIN, TSEC, A_ID) VALUES (9,'Highway vagabond',5,18,9);
INSERT INTO F_18_13_TRACK (T_ID, TNAME, TMIN, TSEC, A_ID) VALUES (10,'Fireaway',6,19,10);
INSERT INTO F_18_13_TRACK (T_ID, TNAME, TMIN, TSEC, A_ID) VALUES (11,'Delicate',4,4,11);
INSERT INTO F_18_13_TRACK (T_ID, TNAME, TMIN, TSEC, A_ID) VALUES (12,'Finger Tips',5,14,12);
INSERT INTO F_18_13_TRACK (T_ID, TNAME, TMIN, TSEC, A_ID) VALUES (13,'The girl is mine',2,18,13);
INSERT INTO F_18_13_TRACK (T_ID, TNAME, TMIN, TSEC, A_ID) VALUES (14,'Sober',4,18,14);
INSERT INTO F_18_13_TRACK (T_ID, TNAME, TMIN, TSEC, A_ID) VALUES (15,'Blank Space',3,50,15);
INSERT INTO F_18_13_TRACK (T_ID, TNAME, TMIN, TSEC, A_ID) VALUES (16,'God is a woman',5,12,16);
INSERT INTO F_18_13_TRACK (T_ID, TNAME, TMIN, TSEC, A_ID) VALUES (17,'I dont want to know',2,18,17);
INSERT INTO F_18_13_TRACK (T_ID, TNAME, TMIN, TSEC, A_ID) VALUES (18,'So what',6,13,18);
INSERT INTO F_18_13_TRACK (T_ID, TNAME, TMIN, TSEC, A_ID) VALUES (19,'Love supreme',4,55,19);
INSERT INTO F_18_13_TRACK (T_ID, TNAME, TMIN, TSEC, A_ID) VALUES (20,'War pigs',3,12,20);
INSERT INTO F_18_13_TRACK (T_ID, TNAME, TMIN, TSEC, A_ID) VALUES (21,'Yesterday',4,56,21);
INSERT INTO F_18_13_TRACK (T_ID, TNAME, TMIN, TSEC, A_ID) VALUES (22,'Better together',5,16,22);
INSERT INTO F_18_13_TRACK (T_ID, TNAME, TMIN, TSEC, A_ID) VALUES (23,'Work songs',3,20,23);
INSERT INTO F_18_13_TRACK (T_ID, TNAME, TMIN, TSEC, A_ID) VALUES (24,'20 years',5,12,24);
INSERT INTO F_18_13_TRACK (T_ID, TNAME, TMIN, TSEC, A_ID) VALUES (25,'I will wait',6,37,25);

DELETE FROM F_18_13_SERVER;

INSERT INTO F_18_13_SERVER (S_ID, COST, LO_ID) VALUES (1,100000,1);
INSERT INTO F_18_13_SERVER (S_ID, COST, LO_ID) VALUES (2,150000,2);
INSERT INTO F_18_13_SERVER (S_ID, COST, LO_ID) VALUES (3,120000,3);
INSERT INTO F_18_13_SERVER (S_ID, COST, LO_ID) VALUES (4,220000,4);
INSERT INTO F_18_13_SERVER (S_ID, COST, LO_ID) VALUES (5,230000,5);
INSERT INTO F_18_13_SERVER (S_ID, COST, LO_ID) VALUES (6,225000,6);
INSERT INTO F_18_13_SERVER (S_ID, COST, LO_ID) VALUES (7,190000,7);
INSERT INTO F_18_13_SERVER (S_ID, COST, LO_ID) VALUES (8,200000,8);
INSERT INTO F_18_13_SERVER (S_ID, COST, LO_ID) VALUES (9,113000,9);
INSERT INTO F_18_13_SERVER (S_ID, COST, LO_ID) VALUES (10,118000,10);
INSERT INTO F_18_13_SERVER (S_ID, COST, LO_ID) VALUES (11,133000,11);
INSERT INTO F_18_13_SERVER (S_ID, COST, LO_ID) VALUES (12,177000,12);
INSERT INTO F_18_13_SERVER (S_ID, COST, LO_ID) VALUES (13,142000,13);
INSERT INTO F_18_13_SERVER (S_ID, COST, LO_ID) VALUES (14,178000,14);
INSERT INTO F_18_13_SERVER (S_ID, COST, LO_ID) VALUES (15,129000,15);
INSERT INTO F_18_13_SERVER (S_ID, COST, LO_ID) VALUES (16,180000,16);
INSERT INTO F_18_13_SERVER (S_ID, COST, LO_ID) VALUES (17,122000,17);
INSERT INTO F_18_13_SERVER (S_ID, COST, LO_ID) VALUES (18,250000,18);
INSERT INTO F_18_13_SERVER (S_ID, COST, LO_ID) VALUES (19,230000,19);
INSERT INTO F_18_13_SERVER (S_ID, COST, LO_ID) VALUES (20,249000,20);

DELETE FROM F_18_13_EMPLOYEE;

INSERT INTO F_18_13_EMPLOYEE (E_ID, SALARY, LO_ID) VALUES (1,40000,1);
INSERT INTO F_18_13_EMPLOYEE (E_ID, SALARY, LO_ID) VALUES (2,130000,2);
INSERT INTO F_18_13_EMPLOYEE (E_ID, SALARY, LO_ID) VALUES (3,125000,3);
INSERT INTO F_18_13_EMPLOYEE (E_ID, SALARY, LO_ID) VALUES (4,44000,4);
INSERT INTO F_18_13_EMPLOYEE (E_ID, SALARY, LO_ID) VALUES (5,150000,5);
INSERT INTO F_18_13_EMPLOYEE (E_ID, SALARY, LO_ID) VALUES (6,129000,6);
INSERT INTO F_18_13_EMPLOYEE (E_ID, SALARY, LO_ID) VALUES (7,60000,7);
INSERT INTO F_18_13_EMPLOYEE (E_ID, SALARY, LO_ID) VALUES (8,120000,8);
INSERT INTO F_18_13_EMPLOYEE (E_ID, SALARY, LO_ID) VALUES (9,70000,9);
INSERT INTO F_18_13_EMPLOYEE (E_ID, SALARY, LO_ID) VALUES (10,85000,10);
INSERT INTO F_18_13_EMPLOYEE (E_ID, SALARY, LO_ID) VALUES (11,90000,11);
INSERT INTO F_18_13_EMPLOYEE (E_ID, SALARY, LO_ID) VALUES (12,47000,12);
INSERT INTO F_18_13_EMPLOYEE (E_ID, SALARY, LO_ID) VALUES (13,50000,13);
INSERT INTO F_18_13_EMPLOYEE (E_ID, SALARY, LO_ID) VALUES (14,41000,14);
INSERT INTO F_18_13_EMPLOYEE (E_ID, SALARY, LO_ID) VALUES (15,78000,15);
INSERT INTO F_18_13_EMPLOYEE (E_ID, SALARY, LO_ID) VALUES (16,80000,16);
INSERT INTO F_18_13_EMPLOYEE (E_ID, SALARY, LO_ID) VALUES (17,58000,17);
INSERT INTO F_18_13_EMPLOYEE (E_ID, SALARY, LO_ID) VALUES (18,79000,18);
INSERT INTO F_18_13_EMPLOYEE (E_ID, SALARY, LO_ID) VALUES (19,119000,19);
INSERT INTO F_18_13_EMPLOYEE (E_ID, SALARY, LO_ID) VALUES (20,142000,20);

DELETE FROM F_18_13_I_GENRE;

INSERT INTO F_18_13_I_GENRE (INTERESTED_GENRE, L_ID) VALUES ('pop',1);
INSERT INTO F_18_13_I_GENRE (INTERESTED_GENRE, L_ID) VALUES ('jazz',1);
INSERT INTO F_18_13_I_GENRE (INTERESTED_GENRE, L_ID) VALUES ('country',1);
INSERT INTO F_18_13_I_GENRE (INTERESTED_GENRE, L_ID) VALUES ('hipop',2);
INSERT INTO F_18_13_I_GENRE (INTERESTED_GENRE, L_ID) VALUES ('pop',2);
INSERT INTO F_18_13_I_GENRE (INTERESTED_GENRE, L_ID) VALUES ('folk',2);
INSERT INTO F_18_13_I_GENRE (INTERESTED_GENRE, L_ID) VALUES ('hippop',3);
INSERT INTO F_18_13_I_GENRE (INTERESTED_GENRE, L_ID) VALUES ('jazz',3);
INSERT INTO F_18_13_I_GENRE (INTERESTED_GENRE, L_ID) VALUES ('pop',3);
INSERT INTO F_18_13_I_GENRE (INTERESTED_GENRE, L_ID) VALUES ('folk',4);
INSERT INTO F_18_13_I_GENRE (INTERESTED_GENRE, L_ID) VALUES ('pop',4);
INSERT INTO F_18_13_I_GENRE (INTERESTED_GENRE, L_ID) VALUES ('country',4);
INSERT INTO F_18_13_I_GENRE (INTERESTED_GENRE, L_ID) VALUES ('jazz',5);
INSERT INTO F_18_13_I_GENRE (INTERESTED_GENRE, L_ID) VALUES ('country',5);
INSERT INTO F_18_13_I_GENRE (INTERESTED_GENRE, L_ID) VALUES ('hippop',5);
INSERT INTO F_18_13_I_GENRE (INTERESTED_GENRE, L_ID) VALUES ('folk',6);
INSERT INTO F_18_13_I_GENRE (INTERESTED_GENRE, L_ID) VALUES ('pop',6);
INSERT INTO F_18_13_I_GENRE (INTERESTED_GENRE, L_ID) VALUES ('jazz',6);
INSERT INTO F_18_13_I_GENRE (INTERESTED_GENRE, L_ID) VALUES ('hippop',7);
INSERT INTO F_18_13_I_GENRE (INTERESTED_GENRE, L_ID) VALUES ('pop',7);
INSERT INTO F_18_13_I_GENRE (INTERESTED_GENRE, L_ID) VALUES ('country',7);
INSERT INTO F_18_13_I_GENRE (INTERESTED_GENRE, L_ID) VALUES ('folk',8);
INSERT INTO F_18_13_I_GENRE (INTERESTED_GENRE, L_ID) VALUES ('hippop',8);
INSERT INTO F_18_13_I_GENRE (INTERESTED_GENRE, L_ID) VALUES ('country',8);
INSERT INTO F_18_13_I_GENRE (INTERESTED_GENRE, L_ID) VALUES ('pop',9);
INSERT INTO F_18_13_I_GENRE (INTERESTED_GENRE, L_ID) VALUES ('hippop',9);
INSERT INTO F_18_13_I_GENRE (INTERESTED_GENRE, L_ID) VALUES ('folk',9);
INSERT INTO F_18_13_I_GENRE (INTERESTED_GENRE, L_ID) VALUES ('country',10);
INSERT INTO F_18_13_I_GENRE (INTERESTED_GENRE, L_ID) VALUES ('pop',10);
INSERT INTO F_18_13_I_GENRE (INTERESTED_GENRE, L_ID) VALUES ('jazz',10);
INSERT INTO F_18_13_I_GENRE (INTERESTED_GENRE, L_ID) VALUES ('hippop',11);
INSERT INTO F_18_13_I_GENRE (INTERESTED_GENRE, L_ID) VALUES ('jazz',11);
INSERT INTO F_18_13_I_GENRE (INTERESTED_GENRE, L_ID) VALUES ('pop',11);
INSERT INTO F_18_13_I_GENRE (INTERESTED_GENRE, L_ID) VALUES ('country',12);
INSERT INTO F_18_13_I_GENRE (INTERESTED_GENRE, L_ID) VALUES ('pop',12);
INSERT INTO F_18_13_I_GENRE (INTERESTED_GENRE, L_ID) VALUES ('jazz',12);
INSERT INTO F_18_13_I_GENRE (INTERESTED_GENRE, L_ID) VALUES ('folk',13);
INSERT INTO F_18_13_I_GENRE (INTERESTED_GENRE, L_ID) VALUES ('pop',13);
INSERT INTO F_18_13_I_GENRE (INTERESTED_GENRE, L_ID) VALUES ('country',13);
INSERT INTO F_18_13_I_GENRE (INTERESTED_GENRE, L_ID) VALUES ('jazz',14);
INSERT INTO F_18_13_I_GENRE (INTERESTED_GENRE, L_ID) VALUES ('pop',14);
INSERT INTO F_18_13_I_GENRE (INTERESTED_GENRE, L_ID) VALUES ('hipop',14);
INSERT INTO F_18_13_I_GENRE (INTERESTED_GENRE, L_ID) VALUES ('folk',15);
INSERT INTO F_18_13_I_GENRE (INTERESTED_GENRE, L_ID) VALUES ('hipop',15);
INSERT INTO F_18_13_I_GENRE (INTERESTED_GENRE, L_ID) VALUES ('pop',15);
INSERT INTO F_18_13_I_GENRE (INTERESTED_GENRE, L_ID) VALUES ('jazz',16);
INSERT INTO F_18_13_I_GENRE (INTERESTED_GENRE, L_ID) VALUES ('folk',16);
INSERT INTO F_18_13_I_GENRE (INTERESTED_GENRE, L_ID) VALUES ('pop',16);
INSERT INTO F_18_13_I_GENRE (INTERESTED_GENRE, L_ID) VALUES ('hipop',17);
INSERT INTO F_18_13_I_GENRE (INTERESTED_GENRE, L_ID) VALUES ('pop',17);
INSERT INTO F_18_13_I_GENRE (INTERESTED_GENRE, L_ID) VALUES ('jazz',17);
INSERT INTO F_18_13_I_GENRE (INTERESTED_GENRE, L_ID) VALUES ('pop',18);
INSERT INTO F_18_13_I_GENRE (INTERESTED_GENRE, L_ID) VALUES ('jazz',18);
INSERT INTO F_18_13_I_GENRE (INTERESTED_GENRE, L_ID) VALUES ('hipop',18);
INSERT INTO F_18_13_I_GENRE (INTERESTED_GENRE, L_ID) VALUES ('country',19);
INSERT INTO F_18_13_I_GENRE (INTERESTED_GENRE, L_ID) VALUES ('hipop',19);
INSERT INTO F_18_13_I_GENRE (INTERESTED_GENRE, L_ID) VALUES ('pop',19);
INSERT INTO F_18_13_I_GENRE (INTERESTED_GENRE, L_ID) VALUES ('jazz',20);
INSERT INTO F_18_13_I_GENRE (INTERESTED_GENRE, L_ID) VALUES ('country',20);
INSERT INTO F_18_13_I_GENRE (INTERESTED_GENRE, L_ID) VALUES ('hipop',20);

DELETE FROM F_18_13_LISTENER_STREAMS_TRACK;

INSERT INTO F_18_13_LISTENER_STREAMS_TRACK (L_ID, T_ID) VALUES (1,1);
INSERT INTO F_18_13_LISTENER_STREAMS_TRACK (L_ID, T_ID) VALUES (1,2);
INSERT INTO F_18_13_LISTENER_STREAMS_TRACK (L_ID, T_ID) VALUES (1,6);
INSERT INTO F_18_13_LISTENER_STREAMS_TRACK (L_ID, T_ID) VALUES (1,20);
INSERT INTO F_18_13_LISTENER_STREAMS_TRACK (L_ID, T_ID) VALUES (1,22);
INSERT INTO F_18_13_LISTENER_STREAMS_TRACK (L_ID, T_ID) VALUES (1,3);
INSERT INTO F_18_13_LISTENER_STREAMS_TRACK (L_ID, T_ID) VALUES (2,4);
INSERT INTO F_18_13_LISTENER_STREAMS_TRACK (L_ID, T_ID) VALUES (2,1);
INSERT INTO F_18_13_LISTENER_STREAMS_TRACK (L_ID, T_ID) VALUES (2,7);
INSERT INTO F_18_13_LISTENER_STREAMS_TRACK (L_ID, T_ID) VALUES (2,10);
INSERT INTO F_18_13_LISTENER_STREAMS_TRACK (L_ID, T_ID) VALUES (3,24);
INSERT INTO F_18_13_LISTENER_STREAMS_TRACK (L_ID, T_ID) VALUES (3,22);
INSERT INTO F_18_13_LISTENER_STREAMS_TRACK (L_ID, T_ID) VALUES (3,19);
INSERT INTO F_18_13_LISTENER_STREAMS_TRACK (L_ID, T_ID) VALUES (3,12);
INSERT INTO F_18_13_LISTENER_STREAMS_TRACK (L_ID, T_ID) VALUES (3,11);
INSERT INTO F_18_13_LISTENER_STREAMS_TRACK (L_ID, T_ID) VALUES (3,20);
INSERT INTO F_18_13_LISTENER_STREAMS_TRACK (L_ID, T_ID) VALUES (4,1);
INSERT INTO F_18_13_LISTENER_STREAMS_TRACK (L_ID, T_ID) VALUES (4,10);
INSERT INTO F_18_13_LISTENER_STREAMS_TRACK (L_ID, T_ID) VALUES (4,12);
INSERT INTO F_18_13_LISTENER_STREAMS_TRACK (L_ID, T_ID) VALUES (4,19);
INSERT INTO F_18_13_LISTENER_STREAMS_TRACK (L_ID, T_ID) VALUES (5,6);
INSERT INTO F_18_13_LISTENER_STREAMS_TRACK (L_ID, T_ID) VALUES (5,2);
INSERT INTO F_18_13_LISTENER_STREAMS_TRACK (L_ID, T_ID) VALUES (6,10);
INSERT INTO F_18_13_LISTENER_STREAMS_TRACK (L_ID, T_ID) VALUES (6,1);
INSERT INTO F_18_13_LISTENER_STREAMS_TRACK (L_ID, T_ID) VALUES (6,19);
INSERT INTO F_18_13_LISTENER_STREAMS_TRACK (L_ID, T_ID) VALUES (6,25);
INSERT INTO F_18_13_LISTENER_STREAMS_TRACK (L_ID, T_ID) VALUES (7,3);
INSERT INTO F_18_13_LISTENER_STREAMS_TRACK (L_ID, T_ID) VALUES (7,19);
INSERT INTO F_18_13_LISTENER_STREAMS_TRACK (L_ID, T_ID) VALUES (7,17);
INSERT INTO F_18_13_LISTENER_STREAMS_TRACK (L_ID, T_ID) VALUES (7,24);
INSERT INTO F_18_13_LISTENER_STREAMS_TRACK (L_ID, T_ID) VALUES (7,18);
INSERT INTO F_18_13_LISTENER_STREAMS_TRACK (L_ID, T_ID) VALUES (8,19);
INSERT INTO F_18_13_LISTENER_STREAMS_TRACK (L_ID, T_ID) VALUES (8,1);
INSERT INTO F_18_13_LISTENER_STREAMS_TRACK (L_ID, T_ID) VALUES (8,10);
INSERT INTO F_18_13_LISTENER_STREAMS_TRACK (L_ID, T_ID) VALUES (8,23);
INSERT INTO F_18_13_LISTENER_STREAMS_TRACK (L_ID, T_ID) VALUES (9,10);
INSERT INTO F_18_13_LISTENER_STREAMS_TRACK (L_ID, T_ID) VALUES (9,18);
INSERT INTO F_18_13_LISTENER_STREAMS_TRACK (L_ID, T_ID) VALUES (9,13);
INSERT INTO F_18_13_LISTENER_STREAMS_TRACK (L_ID, T_ID) VALUES (9,12);
INSERT INTO F_18_13_LISTENER_STREAMS_TRACK (L_ID, T_ID) VALUES (9,5);
INSERT INTO F_18_13_LISTENER_STREAMS_TRACK (L_ID, T_ID) VALUES (9,22);
INSERT INTO F_18_13_LISTENER_STREAMS_TRACK (L_ID, T_ID) VALUES (10,1);
INSERT INTO F_18_13_LISTENER_STREAMS_TRACK (L_ID, T_ID) VALUES (10,11);
INSERT INTO F_18_13_LISTENER_STREAMS_TRACK (L_ID, T_ID) VALUES (10,2);
INSERT INTO F_18_13_LISTENER_STREAMS_TRACK (L_ID, T_ID) VALUES (10,23);
INSERT INTO F_18_13_LISTENER_STREAMS_TRACK (L_ID, T_ID) VALUES (10,24);
INSERT INTO F_18_13_LISTENER_STREAMS_TRACK (L_ID, T_ID) VALUES (10,15);
INSERT INTO F_18_13_LISTENER_STREAMS_TRACK (L_ID, T_ID) VALUES (11,1);
INSERT INTO F_18_13_LISTENER_STREAMS_TRACK (L_ID, T_ID) VALUES (11,12);
INSERT INTO F_18_13_LISTENER_STREAMS_TRACK (L_ID, T_ID) VALUES (11,19);
INSERT INTO F_18_13_LISTENER_STREAMS_TRACK (L_ID, T_ID) VALUES (11,25);
INSERT INTO F_18_13_LISTENER_STREAMS_TRACK (L_ID, T_ID) VALUES (11,7);
INSERT INTO F_18_13_LISTENER_STREAMS_TRACK (L_ID, T_ID) VALUES (11,15);
INSERT INTO F_18_13_LISTENER_STREAMS_TRACK (L_ID, T_ID) VALUES (12,2);
INSERT INTO F_18_13_LISTENER_STREAMS_TRACK (L_ID, T_ID) VALUES (12,3);
INSERT INTO F_18_13_LISTENER_STREAMS_TRACK (L_ID, T_ID) VALUES (12,4);
INSERT INTO F_18_13_LISTENER_STREAMS_TRACK (L_ID, T_ID) VALUES (12,5);
INSERT INTO F_18_13_LISTENER_STREAMS_TRACK (L_ID, T_ID) VALUES (12,6);
INSERT INTO F_18_13_LISTENER_STREAMS_TRACK (L_ID, T_ID) VALUES (12,1);
INSERT INTO F_18_13_LISTENER_STREAMS_TRACK (L_ID, T_ID) VALUES (13,4);
INSERT INTO F_18_13_LISTENER_STREAMS_TRACK (L_ID, T_ID) VALUES (13,19);
INSERT INTO F_18_13_LISTENER_STREAMS_TRACK (L_ID, T_ID) VALUES (13,8);
INSERT INTO F_18_13_LISTENER_STREAMS_TRACK (L_ID, T_ID) VALUES (13,10);
INSERT INTO F_18_13_LISTENER_STREAMS_TRACK (L_ID, T_ID) VALUES (13,6);
INSERT INTO F_18_13_LISTENER_STREAMS_TRACK (L_ID, T_ID) VALUES (13,2);
INSERT INTO F_18_13_LISTENER_STREAMS_TRACK (L_ID, T_ID) VALUES (14,1);
INSERT INTO F_18_13_LISTENER_STREAMS_TRACK (L_ID, T_ID) VALUES (14,9);
INSERT INTO F_18_13_LISTENER_STREAMS_TRACK (L_ID, T_ID) VALUES (14,19);
INSERT INTO F_18_13_LISTENER_STREAMS_TRACK (L_ID, T_ID) VALUES (14,2);
INSERT INTO F_18_13_LISTENER_STREAMS_TRACK (L_ID, T_ID) VALUES (14,25);
INSERT INTO F_18_13_LISTENER_STREAMS_TRACK (L_ID, T_ID) VALUES (14,17);
INSERT INTO F_18_13_LISTENER_STREAMS_TRACK (L_ID, T_ID) VALUES (14,20);
INSERT INTO F_18_13_LISTENER_STREAMS_TRACK (L_ID, T_ID) VALUES (15,3);
INSERT INTO F_18_13_LISTENER_STREAMS_TRACK (L_ID, T_ID) VALUES (15,18);
INSERT INTO F_18_13_LISTENER_STREAMS_TRACK (L_ID, T_ID) VALUES (15,19);
INSERT INTO F_18_13_LISTENER_STREAMS_TRACK (L_ID, T_ID) VALUES (15,22);
INSERT INTO F_18_13_LISTENER_STREAMS_TRACK (L_ID, T_ID) VALUES (15,21);
INSERT INTO F_18_13_LISTENER_STREAMS_TRACK (L_ID, T_ID) VALUES (16,1);
INSERT INTO F_18_13_LISTENER_STREAMS_TRACK (L_ID, T_ID) VALUES (16,13);
INSERT INTO F_18_13_LISTENER_STREAMS_TRACK (L_ID, T_ID) VALUES (16,17);
INSERT INTO F_18_13_LISTENER_STREAMS_TRACK (L_ID, T_ID) VALUES (16,19);
INSERT INTO F_18_13_LISTENER_STREAMS_TRACK (L_ID, T_ID) VALUES (16,22);
INSERT INTO F_18_13_LISTENER_STREAMS_TRACK (L_ID, T_ID) VALUES (17,4);
INSERT INTO F_18_13_LISTENER_STREAMS_TRACK (L_ID, T_ID) VALUES (17,11);
INSERT INTO F_18_13_LISTENER_STREAMS_TRACK (L_ID, T_ID) VALUES (17,14);
INSERT INTO F_18_13_LISTENER_STREAMS_TRACK (L_ID, T_ID) VALUES (17,18);
INSERT INTO F_18_13_LISTENER_STREAMS_TRACK (L_ID, T_ID) VALUES (17,19);
INSERT INTO F_18_13_LISTENER_STREAMS_TRACK (L_ID, T_ID) VALUES (19,2);
INSERT INTO F_18_13_LISTENER_STREAMS_TRACK (L_ID, T_ID) VALUES (19,10);
INSERT INTO F_18_13_LISTENER_STREAMS_TRACK (L_ID, T_ID) VALUES (19,1);

DELETE FROM F_18_13_LISTENER_WATCHES_AD;

INSERT INTO F_18_13_LISTENER_WATCHES_AD (L_ID, AD_ID) VALUES (1,2);
INSERT INTO F_18_13_LISTENER_WATCHES_AD (L_ID, AD_ID) VALUES (1,10);
INSERT INTO F_18_13_LISTENER_WATCHES_AD (L_ID, AD_ID) VALUES (2,9);
INSERT INTO F_18_13_LISTENER_WATCHES_AD (L_ID, AD_ID) VALUES (2,2);
INSERT INTO F_18_13_LISTENER_WATCHES_AD (L_ID, AD_ID) VALUES (3,1);
INSERT INTO F_18_13_LISTENER_WATCHES_AD (L_ID, AD_ID) VALUES (3,4);
INSERT INTO F_18_13_LISTENER_WATCHES_AD (L_ID, AD_ID) VALUES (4,5);
INSERT INTO F_18_13_LISTENER_WATCHES_AD (L_ID, AD_ID) VALUES (4,6);
INSERT INTO F_18_13_LISTENER_WATCHES_AD (L_ID, AD_ID) VALUES (5,7);
INSERT INTO F_18_13_LISTENER_WATCHES_AD (L_ID, AD_ID) VALUES (5,10);
INSERT INTO F_18_13_LISTENER_WATCHES_AD (L_ID, AD_ID) VALUES (6,8);
INSERT INTO F_18_13_LISTENER_WATCHES_AD (L_ID, AD_ID) VALUES (6,1);
INSERT INTO F_18_13_LISTENER_WATCHES_AD (L_ID, AD_ID) VALUES (7,3);
INSERT INTO F_18_13_LISTENER_WATCHES_AD (L_ID, AD_ID) VALUES (7,9);
INSERT INTO F_18_13_LISTENER_WATCHES_AD (L_ID, AD_ID) VALUES (8,10);
INSERT INTO F_18_13_LISTENER_WATCHES_AD (L_ID, AD_ID) VALUES (8,7);
INSERT INTO F_18_13_LISTENER_WATCHES_AD (L_ID, AD_ID) VALUES (9,1);
INSERT INTO F_18_13_LISTENER_WATCHES_AD (L_ID, AD_ID) VALUES (9,2);
INSERT INTO F_18_13_LISTENER_WATCHES_AD (L_ID, AD_ID) VALUES (9,5);
INSERT INTO F_18_13_LISTENER_WATCHES_AD (L_ID, AD_ID) VALUES (9,10);
INSERT INTO F_18_13_LISTENER_WATCHES_AD (L_ID, AD_ID) VALUES (10,3);
INSERT INTO F_18_13_LISTENER_WATCHES_AD (L_ID, AD_ID) VALUES (10,5);
INSERT INTO F_18_13_LISTENER_WATCHES_AD (L_ID, AD_ID) VALUES (11,6);
INSERT INTO F_18_13_LISTENER_WATCHES_AD (L_ID, AD_ID) VALUES (11,4);
INSERT INTO F_18_13_LISTENER_WATCHES_AD (L_ID, AD_ID) VALUES (11,7);
INSERT INTO F_18_13_LISTENER_WATCHES_AD (L_ID, AD_ID) VALUES (11,10);
INSERT INTO F_18_13_LISTENER_WATCHES_AD (L_ID, AD_ID) VALUES (12,5);
INSERT INTO F_18_13_LISTENER_WATCHES_AD (L_ID, AD_ID) VALUES (12,4);
INSERT INTO F_18_13_LISTENER_WATCHES_AD (L_ID, AD_ID) VALUES (13,5);
INSERT INTO F_18_13_LISTENER_WATCHES_AD (L_ID, AD_ID) VALUES (13,2);
INSERT INTO F_18_13_LISTENER_WATCHES_AD (L_ID, AD_ID) VALUES (14,2);
INSERT INTO F_18_13_LISTENER_WATCHES_AD (L_ID, AD_ID) VALUES (14,6);
INSERT INTO F_18_13_LISTENER_WATCHES_AD (L_ID, AD_ID) VALUES (14,10);
INSERT INTO F_18_13_LISTENER_WATCHES_AD (L_ID, AD_ID) VALUES (15,3);
INSERT INTO F_18_13_LISTENER_WATCHES_AD (L_ID, AD_ID) VALUES (15,2);
INSERT INTO F_18_13_LISTENER_WATCHES_AD (L_ID, AD_ID) VALUES (16,9);
INSERT INTO F_18_13_LISTENER_WATCHES_AD (L_ID, AD_ID) VALUES (16,7);
INSERT INTO F_18_13_LISTENER_WATCHES_AD (L_ID, AD_ID) VALUES (17,4);
INSERT INTO F_18_13_LISTENER_WATCHES_AD (L_ID, AD_ID) VALUES (17,10);
INSERT INTO F_18_13_LISTENER_WATCHES_AD (L_ID, AD_ID) VALUES (19,2);
INSERT INTO F_18_13_LISTENER_WATCHES_AD (L_ID, AD_ID) VALUES (19,5);

DELETE FROM F_18_13_ALBUM_HAS_ARTIST;

INSERT INTO F_18_13_ALBUM_HAS_ARTIST (AR_ID, A_ID) VALUES (1,1);
INSERT INTO F_18_13_ALBUM_HAS_ARTIST (AR_ID, A_ID) VALUES (2,2);
INSERT INTO F_18_13_ALBUM_HAS_ARTIST (AR_ID, A_ID) VALUES (3,3);
INSERT INTO F_18_13_ALBUM_HAS_ARTIST (AR_ID, A_ID) VALUES (4,4);
INSERT INTO F_18_13_ALBUM_HAS_ARTIST (AR_ID, A_ID) VALUES (5,5);
INSERT INTO F_18_13_ALBUM_HAS_ARTIST (AR_ID, A_ID) VALUES (6,6);
INSERT INTO F_18_13_ALBUM_HAS_ARTIST (AR_ID, A_ID) VALUES (7,7);
INSERT INTO F_18_13_ALBUM_HAS_ARTIST (AR_ID, A_ID) VALUES (8,8);
INSERT INTO F_18_13_ALBUM_HAS_ARTIST (AR_ID, A_ID) VALUES (9,9);
INSERT INTO F_18_13_ALBUM_HAS_ARTIST (AR_ID, A_ID) VALUES (10,10);
INSERT INTO F_18_13_ALBUM_HAS_ARTIST (AR_ID, A_ID) VALUES (11,11);
INSERT INTO F_18_13_ALBUM_HAS_ARTIST (AR_ID, A_ID) VALUES (12,12);
INSERT INTO F_18_13_ALBUM_HAS_ARTIST (AR_ID, A_ID) VALUES (13,13);
INSERT INTO F_18_13_ALBUM_HAS_ARTIST (AR_ID, A_ID) VALUES (14,14);
INSERT INTO F_18_13_ALBUM_HAS_ARTIST (AR_ID, A_ID) VALUES (15,15);
INSERT INTO F_18_13_ALBUM_HAS_ARTIST (AR_ID, A_ID) VALUES (16,16);
INSERT INTO F_18_13_ALBUM_HAS_ARTIST (AR_ID, A_ID) VALUES (17,17);
INSERT INTO F_18_13_ALBUM_HAS_ARTIST (AR_ID, A_ID) VALUES (18,18);
INSERT INTO F_18_13_ALBUM_HAS_ARTIST (AR_ID, A_ID) VALUES (19,19);
INSERT INTO F_18_13_ALBUM_HAS_ARTIST (AR_ID, A_ID) VALUES (20,20);
INSERT INTO F_18_13_ALBUM_HAS_ARTIST (AR_ID, A_ID) VALUES (21,21);
INSERT INTO F_18_13_ALBUM_HAS_ARTIST (AR_ID, A_ID) VALUES (22,22);
INSERT INTO F_18_13_ALBUM_HAS_ARTIST (AR_ID, A_ID) VALUES (23,23);
INSERT INTO F_18_13_ALBUM_HAS_ARTIST (AR_ID, A_ID) VALUES (24,24);
INSERT INTO F_18_13_ALBUM_HAS_ARTIST (AR_ID, A_ID) VALUES (25,25);

DELETE FROM F_18_13_T_DATE;

INSERT INTO F_18_13_T_DATE (T_DATE, L_ID, T_ID) VALUES ('20-Oct-2018',1,1);
INSERT INTO F_18_13_T_DATE (T_DATE, L_ID, T_ID) VALUES ('08-Nov-2018',1,2);
INSERT INTO F_18_13_T_DATE (T_DATE, L_ID, T_ID) VALUES ('04-Nov-2018',1,6);
INSERT INTO F_18_13_T_DATE (T_DATE, L_ID, T_ID) VALUES ('24-Oct-2018',1,20);
INSERT INTO F_18_13_T_DATE (T_DATE, L_ID, T_ID) VALUES ('25-Sep-2018',1,22);
INSERT INTO F_18_13_T_DATE (T_DATE, L_ID, T_ID) VALUES ('15-Aug-2018',1,3);
INSERT INTO F_18_13_T_DATE (T_DATE, L_ID, T_ID) VALUES ('16-Feb-2018',2,4);
INSERT INTO F_18_13_T_DATE (T_DATE, L_ID, T_ID) VALUES ('01-Jan-2018',2,1);
INSERT INTO F_18_13_T_DATE (T_DATE, L_ID, T_ID) VALUES ('14-May-2018',2,7);
INSERT INTO F_18_13_T_DATE (T_DATE, L_ID, T_ID) VALUES ('29-Jan-2018',2,10);
INSERT INTO F_18_13_T_DATE (T_DATE, L_ID, T_ID) VALUES ('31-Dec-2017',3,24);
INSERT INTO F_18_13_T_DATE (T_DATE, L_ID, T_ID) VALUES ('30-Dec-2018',3,22);
INSERT INTO F_18_13_T_DATE (T_DATE, L_ID, T_ID) VALUES ('29-Dec-2017',3,19);
INSERT INTO F_18_13_T_DATE (T_DATE, L_ID, T_ID) VALUES ('28-Dec-2017',3,12);
INSERT INTO F_18_13_T_DATE (T_DATE, L_ID, T_ID) VALUES ('27-Dec-2017',3,11);
INSERT INTO F_18_13_T_DATE (T_DATE, L_ID, T_ID) VALUES ('27-Dec-2017',3,20);
INSERT INTO F_18_13_T_DATE (T_DATE, L_ID, T_ID) VALUES ('01-Nov-2018',4,1);
INSERT INTO F_18_13_T_DATE (T_DATE, L_ID, T_ID) VALUES ('01-Nov-2018',4,10);
INSERT INTO F_18_13_T_DATE (T_DATE, L_ID, T_ID) VALUES ('01-Nov-2018',4,12);
INSERT INTO F_18_13_T_DATE (T_DATE, L_ID, T_ID) VALUES ('02-Nov-2018',4,19);
INSERT INTO F_18_13_T_DATE (T_DATE, L_ID, T_ID) VALUES ('03-Nov-2018',5,6);
INSERT INTO F_18_13_T_DATE (T_DATE, L_ID, T_ID) VALUES ('02-Nov-2018',5,2);
INSERT INTO F_18_13_T_DATE (T_DATE, L_ID, T_ID) VALUES ('20-Oct-2018',6,10);
INSERT INTO F_18_13_T_DATE (T_DATE, L_ID, T_ID) VALUES ('21-Oct-2018',6,1);
INSERT INTO F_18_13_T_DATE (T_DATE, L_ID, T_ID) VALUES ('22-Oct-2018',6,19);
INSERT INTO F_18_13_T_DATE (T_DATE, L_ID, T_ID) VALUES ('22-Oct-2018',6,25);
INSERT INTO F_18_13_T_DATE (T_DATE, L_ID, T_ID) VALUES ('21-Oct-2018',7,3);
INSERT INTO F_18_13_T_DATE (T_DATE, L_ID, T_ID) VALUES ('21-Sep-2018',7,19);
INSERT INTO F_18_13_T_DATE (T_DATE, L_ID, T_ID) VALUES ('22-Sep-2017',7,17);
INSERT INTO F_18_13_T_DATE (T_DATE, L_ID, T_ID) VALUES ('22-Sep-2017',7,24);
INSERT INTO F_18_13_T_DATE (T_DATE, L_ID, T_ID) VALUES ('22-Sep-2017',7,18);
INSERT INTO F_18_13_T_DATE (T_DATE, L_ID, T_ID) VALUES ('01-Jan-2017',8,19);
INSERT INTO F_18_13_T_DATE (T_DATE, L_ID, T_ID) VALUES ('01-Jan-2018',8,1);
INSERT INTO F_18_13_T_DATE (T_DATE, L_ID, T_ID) VALUES ('01-Mar-2018',8,10);
INSERT INTO F_18_13_T_DATE (T_DATE, L_ID, T_ID) VALUES ('01-Apr-2018',8,23);
INSERT INTO F_18_13_T_DATE (T_DATE, L_ID, T_ID) VALUES ('01-May-2018',9,10);
INSERT INTO F_18_13_T_DATE (T_DATE, L_ID, T_ID) VALUES ('01-May-2018',9,18);
INSERT INTO F_18_13_T_DATE (T_DATE, L_ID, T_ID) VALUES ('01-May-2018',9,13);
INSERT INTO F_18_13_T_DATE (T_DATE, L_ID, T_ID) VALUES ('01-Apr-2018',9,12);
INSERT INTO F_18_13_T_DATE (T_DATE, L_ID, T_ID) VALUES ('01-Apr-2017',9,5);
INSERT INTO F_18_13_T_DATE (T_DATE, L_ID, T_ID) VALUES ('01-May-2018',9,22);
INSERT INTO F_18_13_T_DATE (T_DATE, L_ID, T_ID) VALUES ('01-Apr-2018',10,1);
INSERT INTO F_18_13_T_DATE (T_DATE, L_ID, T_ID) VALUES ('11-Sep-2018',10,11);
INSERT INTO F_18_13_T_DATE (T_DATE, L_ID, T_ID) VALUES ('11-Sep-2018',10,2);
INSERT INTO F_18_13_T_DATE (T_DATE, L_ID, T_ID) VALUES ('11-Sep-2018',10,23);
INSERT INTO F_18_13_T_DATE (T_DATE, L_ID, T_ID) VALUES ('11-Sep-2018',10,24);
INSERT INTO F_18_13_T_DATE (T_DATE, L_ID, T_ID) VALUES ('11-Sep-2018',10,15);
INSERT INTO F_18_13_T_DATE (T_DATE, L_ID, T_ID) VALUES ('11-Sep-2018',11,1);
INSERT INTO F_18_13_T_DATE (T_DATE, L_ID, T_ID) VALUES ('01-Nov-2018',11,12);
INSERT INTO F_18_13_T_DATE (T_DATE, L_ID, T_ID) VALUES ('10-Nov-2018',11,19);
INSERT INTO F_18_13_T_DATE (T_DATE, L_ID, T_ID) VALUES ('23-Sep-2018',11,25);
INSERT INTO F_18_13_T_DATE (T_DATE, L_ID, T_ID) VALUES ('23-Sep-2018',11,7);
INSERT INTO F_18_13_T_DATE (T_DATE, L_ID, T_ID) VALUES ('23-Sep-2018',11,15);
INSERT INTO F_18_13_T_DATE (T_DATE, L_ID, T_ID) VALUES ('23-Sep-2018',12,2);
INSERT INTO F_18_13_T_DATE (T_DATE, L_ID, T_ID) VALUES ('12-Nov-2018',12,3);
INSERT INTO F_18_13_T_DATE (T_DATE, L_ID, T_ID) VALUES ('12-Nov-2018',12,4);
INSERT INTO F_18_13_T_DATE (T_DATE, L_ID, T_ID) VALUES ('12-Nov-2018',12,5);
INSERT INTO F_18_13_T_DATE (T_DATE, L_ID, T_ID) VALUES ('12-Nov-2018',12,6);
INSERT INTO F_18_13_T_DATE (T_DATE, L_ID, T_ID) VALUES ('23-Oct-2018',12,1);
INSERT INTO F_18_13_T_DATE (T_DATE, L_ID, T_ID) VALUES ('14-Oct-2018',13,4);
INSERT INTO F_18_13_T_DATE (T_DATE, L_ID, T_ID) VALUES ('04-Nov-2018',13,19);
INSERT INTO F_18_13_T_DATE (T_DATE, L_ID, T_ID) VALUES ('09-Sep-2018',13,8);
INSERT INTO F_18_13_T_DATE (T_DATE, L_ID, T_ID) VALUES ('08-Aug-2018',13,10);
INSERT INTO F_18_13_T_DATE (T_DATE, L_ID, T_ID) VALUES ('07-Sep-2018',13,6);
INSERT INTO F_18_13_T_DATE (T_DATE, L_ID, T_ID) VALUES ('05-Aug-2018',13,2);
INSERT INTO F_18_13_T_DATE (T_DATE, L_ID, T_ID) VALUES ('01-Jan-2018',14,1);
INSERT INTO F_18_13_T_DATE (T_DATE, L_ID, T_ID) VALUES ('10-Jan-2018',14,9);
INSERT INTO F_18_13_T_DATE (T_DATE, L_ID, T_ID) VALUES ('10-May-2018',14,19);
INSERT INTO F_18_13_T_DATE (T_DATE, L_ID, T_ID) VALUES ('10-Oct-2018',14,2);
INSERT INTO F_18_13_T_DATE (T_DATE, L_ID, T_ID) VALUES ('10-Nov-2018',14,25);
INSERT INTO F_18_13_T_DATE (T_DATE, L_ID, T_ID) VALUES ('09-Nov-2018',14,17);
INSERT INTO F_18_13_T_DATE (T_DATE, L_ID, T_ID) VALUES ('10-Oct-2018',14,19);
INSERT INTO F_18_13_T_DATE (T_DATE, L_ID, T_ID) VALUES ('11-Sep-2018',15,3);
INSERT INTO F_18_13_T_DATE (T_DATE, L_ID, T_ID) VALUES ('12-Oct-2018',15,18);
INSERT INTO F_18_13_T_DATE (T_DATE, L_ID, T_ID) VALUES ('11-Sep-2018',15,19);
INSERT INTO F_18_13_T_DATE (T_DATE, L_ID, T_ID) VALUES ('09-Oct-2018',15,22);
INSERT INTO F_18_13_T_DATE (T_DATE, L_ID, T_ID) VALUES ('09-Sep-2018',15,21);
INSERT INTO F_18_13_T_DATE (T_DATE, L_ID, T_ID) VALUES ('01-Jan-2018',16,1);
INSERT INTO F_18_13_T_DATE (T_DATE, L_ID, T_ID) VALUES ('01-Mar-2018',16,13);
INSERT INTO F_18_13_T_DATE (T_DATE, L_ID, T_ID) VALUES ('05-Apr-2018',16,17);
INSERT INTO F_18_13_T_DATE (T_DATE, L_ID, T_ID) VALUES ('05-Apr-2018',16,19);
INSERT INTO F_18_13_T_DATE (T_DATE, L_ID, T_ID) VALUES ('05-May-2018',16,22);
INSERT INTO F_18_13_T_DATE (T_DATE, L_ID, T_ID) VALUES ('11-Jan-2018',17,4);
INSERT INTO F_18_13_T_DATE (T_DATE, L_ID, T_ID) VALUES ('07-Jul-2018',17,11);
INSERT INTO F_18_13_T_DATE (T_DATE, L_ID, T_ID) VALUES ('10-Jan-2018',17,14);
INSERT INTO F_18_13_T_DATE (T_DATE, L_ID, T_ID) VALUES ('01-Jan-2018',17,18);
INSERT INTO F_18_13_T_DATE (T_DATE, L_ID, T_ID) VALUES ('01-Oct-2018',17,19);
INSERT INTO F_18_13_T_DATE (T_DATE, L_ID, T_ID) VALUES ('01-Oct-2018',19,2);
INSERT INTO F_18_13_T_DATE (T_DATE, L_ID, T_ID) VALUES ('01-Oct-2017',19,10);
INSERT INTO F_18_13_T_DATE (T_DATE, L_ID, T_ID) VALUES ('01-Oct-2017',19,1);

DELETE FROM F_18_13_AD_DATE;

INSERT INTO F_18_13_AD_DATE(AD_DATE, L_ID, AD_ID) VALUES ('11-Oct-2018',1,2);
INSERT INTO F_18_13_AD_DATE(AD_DATE, L_ID, AD_ID) VALUES ('11-Oct-2018',1,10);
INSERT INTO F_18_13_AD_DATE(AD_DATE, L_ID, AD_ID) VALUES ('11-Sep-2018',2,9);
INSERT INTO F_18_13_AD_DATE(AD_DATE, L_ID, AD_ID) VALUES ('11-Sep-2018',2,2);
INSERT INTO F_18_13_AD_DATE(AD_DATE, L_ID, AD_ID) VALUES ('23-Oct-2018',3,1);
INSERT INTO F_18_13_AD_DATE(AD_DATE, L_ID, AD_ID) VALUES ('24-Oct-2018',3,4);
INSERT INTO F_18_13_AD_DATE(AD_DATE, L_ID, AD_ID) VALUES ('25-Sep-2018',4,5);
INSERT INTO F_18_13_AD_DATE(AD_DATE, L_ID, AD_ID) VALUES ('01-Oct-2018',4,6);
INSERT INTO F_18_13_AD_DATE(AD_DATE, L_ID, AD_ID) VALUES ('12-Nov-2018',5,7);
INSERT INTO F_18_13_AD_DATE(AD_DATE, L_ID, AD_ID) VALUES ('30-Aug-2018',5,10);
INSERT INTO F_18_13_AD_DATE(AD_DATE, L_ID, AD_ID) VALUES ('29-Aug-2018',6,1);
INSERT INTO F_18_13_AD_DATE(AD_DATE, L_ID, AD_ID) VALUES ('29-Aug-2018',6,8);
INSERT INTO F_18_13_AD_DATE(AD_DATE, L_ID, AD_ID) VALUES ('29-Aug-2018',7,3);
INSERT INTO F_18_13_AD_DATE(AD_DATE, L_ID, AD_ID) VALUES ('29-Aug-2018',7,9);
INSERT INTO F_18_13_AD_DATE(AD_DATE, L_ID, AD_ID) VALUES ('10-Nov-2018',8,10);
INSERT INTO F_18_13_AD_DATE(AD_DATE, L_ID, AD_ID) VALUES ('09-Oct-2017',8,7);
INSERT INTO F_18_13_AD_DATE(AD_DATE, L_ID, AD_ID) VALUES ('09-Sep-2017',9,1);
INSERT INTO F_18_13_AD_DATE(AD_DATE, L_ID, AD_ID) VALUES ('09-Sep-2018',9,2);
INSERT INTO F_18_13_AD_DATE(AD_DATE, L_ID, AD_ID) VALUES ('09-Sep-2018',9,5);
INSERT INTO F_18_13_AD_DATE(AD_DATE, L_ID, AD_ID) VALUES ('10-Nov-2018',9,10);
INSERT INTO F_18_13_AD_DATE(AD_DATE, L_ID, AD_ID) VALUES ('09-Nov-2018',10,3);
INSERT INTO F_18_13_AD_DATE(AD_DATE, L_ID, AD_ID) VALUES ('08-Nov-2018',10,5);
INSERT INTO F_18_13_AD_DATE(AD_DATE, L_ID, AD_ID) VALUES ('11-Jan-2018',11,6);
INSERT INTO F_18_13_AD_DATE(AD_DATE, L_ID, AD_ID) VALUES ('11-Jan-2018',11,4);
INSERT INTO F_18_13_AD_DATE(AD_DATE, L_ID, AD_ID) VALUES ('11-Jan-2018',11,7);
INSERT INTO F_18_13_AD_DATE(AD_DATE, L_ID, AD_ID) VALUES ('09-Aug-2018',11,10);
INSERT INTO F_18_13_AD_DATE(AD_DATE, L_ID, AD_ID) VALUES ('09-Sep-2017',12,5);
INSERT INTO F_18_13_AD_DATE(AD_DATE, L_ID, AD_ID) VALUES ('11-Oct-2018',12,4);
INSERT INTO F_18_13_AD_DATE(AD_DATE, L_ID, AD_ID) VALUES ('12-Sep-2018',13,5);
INSERT INTO F_18_13_AD_DATE(AD_DATE, L_ID, AD_ID) VALUES ('30-Jul-2018',13,2);
INSERT INTO F_18_13_AD_DATE(AD_DATE, L_ID, AD_ID) VALUES ('30-Aug-2018',14,2);
INSERT INTO F_18_13_AD_DATE(AD_DATE, L_ID, AD_ID) VALUES ('20-Jun-2018',14,6);
INSERT INTO F_18_13_AD_DATE(AD_DATE, L_ID, AD_ID) VALUES ('12-Oct-2018',14,10);
INSERT INTO F_18_13_AD_DATE(AD_DATE, L_ID, AD_ID) VALUES ('12-Oct-2018',15,3);
INSERT INTO F_18_13_AD_DATE(AD_DATE, L_ID, AD_ID) VALUES ('01-Jan-2018',15,2);
INSERT INTO F_18_13_AD_DATE(AD_DATE, L_ID, AD_ID) VALUES ('10-Oct-2018',16,9);
INSERT INTO F_18_13_AD_DATE(AD_DATE, L_ID, AD_ID) VALUES ('10-Oct-2018',16,7);
INSERT INTO F_18_13_AD_DATE(AD_DATE, L_ID, AD_ID) VALUES ('10-Oct-2018',17,4);
INSERT INTO F_18_13_AD_DATE(AD_DATE, L_ID, AD_ID) VALUES ('10-Jan-2018',17,10);
INSERT INTO F_18_13_AD_DATE(AD_DATE, L_ID, AD_ID) VALUES ('10-Oct-2018',19,2);
INSERT INTO F_18_13_AD_DATE(AD_DATE, L_ID, AD_ID) VALUES ('10-Oct-2018',19,5);
